{
  "_fv": 66,
  "_type": "tool",
  "definition": {
    "toolType": "Pickaxe",
    "renderType": 0,
    "blockingRenderType": 0,
    "texture": "12tool",
    "customModelName": "Normal",
    "blockingModelName": "Normal blocking",
    "name": "Redtool",
    "specialInformation": {
      "fixedValue": []
    },
    "creativeTabs": [
      {
        "value": "TOOLS"
      }
    ],
    "efficiency": 4.0,
    "attackSpeed": 0.8,
    "enchantability": 2,
    "damageVsEntity": 4.3,
    "usageCount": 100,
    "glowCondition": {
      "fixedValue": false
    },
    "repairItems": [],
    "immuneToFire": true,
    "blockDropsTier": "WOOD",
    "blocksAffected": [],
    "stayInGridWhenCrafting": true,
    "damageOnCrafting": false
  }
}