{
  "_fv": 66,
  "_type": "tool",
  "definition": {
    "toolType": "Sword",
    "renderType": 0,
    "blockingRenderType": 0,
    "texture": "cool",
    "customModelName": "Normal",
    "blockingModelName": "Normal blocking",
    "name": "Tool",
    "specialInformation": {
      "fixedValue": []
    },
    "creativeTabs": [
      {
        "value": "TOOLS"
      },
      {
        "value": "COMBAT"
      }
    ],
    "efficiency": 8.5,
    "attackSpeed": 1.0,
    "enchantability": 2,
    "damageVsEntity": 3.9,
    "usageCount": 100,
    "glowCondition": {
      "fixedValue": false
    },
    "repairItems": [],
    "immuneToFire": true,
    "blockDropsTier": "WOOD",
    "blocksAffected": [],
    "stayInGridWhenCrafting": true,
    "damageOnCrafting": false
  }
}